{"source:coingecko": {"ts": 1777624998.973224, "value": []}, "source:coinmarketcap": {"ts": 1777624999.4185238, "value": []}}